name,real
user_1,yes
user_2,yes
user_3,yes
user_4,yes
user_5,yes
user_6,yes
user_7,yes
user_8,yes
user_9,yes
user_10,yes
user_11,yes
user_12,yes
user_13,yes
user_14,no
user_15,no
user_16,no
user_17,yes
user_18,no
user_19,yes
user_20,yes
user_21,yes
user_22,yes
user_23,yes
user_24,yes
user_25,yes
user_26,yes
user_27,yes
user_28,no
user_29,yes
user_30,yes
user_31,no
user_32,yes
user_33,yes
user_34,yes
user_35,yes
user_36,yes
user_37,no
user_38,yes
user_39,yes
user_40,yes
user_41,yes
user_42,yes
user_43,yes
user_44,yes
user_45,yes
user_46,no
user_47,no
user_48,yes
user_49,no
user_50,yes
user_51,yes
user_52,yes
user_53,no
user_54,yes
user_55,yes
user_56,yes
user_57,yes
user_58,no
user_59,yes
user_60,yes
user_61,yes
user_62,no
user_63,yes
user_64,yes
user_65,no
user_66,no
user_67,yes
user_68,yes
user_69,yes
user_70,yes
user_71,yes
user_72,no
user_73,yes
user_74,yes
user_75,yes
user_76,yes
user_77,yes
user_78,yes
user_79,no
user_80,no
user_81,yes
user_82,yes
user_83,yes
user_84,yes
user_85,yes
user_86,yes
user_87,yes
user_88,yes
user_89,yes
user_90,yes
user_91,no
user_92,no
user_93,yes
user_94,yes
user_95,yes
user_96,yes
user_97,yes
user_98,yes
user_99,no
user_100,yes
user_101,yes
user_102,yes
user_103,yes
user_104,yes
user_105,yes
user_106,yes
user_107,yes
user_108,yes
user_109,yes
user_110,yes
user_111,yes
user_112,yes
user_113,yes
user_114,yes
user_115,no
user_116,no
user_117,yes
user_118,yes
user_119,yes
user_120,yes
user_121,yes
user_122,yes
user_123,yes
user_124,yes
user_125,no
user_126,yes
user_127,yes
user_128,yes
user_129,yes
user_130,yes
user_131,yes
user_132,yes
user_133,yes
user_134,yes
user_135,yes
user_136,yes
user_137,yes
user_138,yes
user_139,yes
user_140,yes
user_141,yes
user_142,yes
user_143,yes
user_144,yes
user_145,yes
user_146,yes
user_147,yes
user_148,yes
user_149,yes
user_150,yes
user_151,yes
user_152,yes
user_153,yes
user_154,yes
user_155,yes
user_156,yes
user_157,yes
user_158,no
user_159,yes
user_160,yes
user_161,yes
user_162,yes
user_163,yes
user_164,yes
user_165,yes
user_166,yes
user_167,yes
user_168,no
user_169,yes
user_170,yes
user_171,yes
user_172,yes
user_173,yes
user_174,yes
user_175,yes
user_176,yes
user_177,yes
user_178,no
user_179,yes
user_180,yes
user_181,yes
user_182,yes
user_183,no
user_184,yes
user_185,no
user_186,no
user_187,yes
user_188,yes
user_189,yes
user_190,no
user_191,yes
user_192,yes
user_193,yes
user_194,yes
user_195,yes
user_196,yes
user_197,no
user_198,yes
user_199,no
user_200,yes
user_201,no
user_202,yes
user_203,yes
user_204,yes
user_205,yes
user_206,yes
user_207,yes
user_208,yes
user_209,no
user_210,yes
user_211,yes
user_212,yes
user_213,no
user_214,no
user_215,yes
user_216,yes
user_217,yes
user_218,yes
user_219,yes
user_220,yes
user_221,yes
user_222,yes
user_223,yes
user_224,yes
user_225,yes
user_226,yes
user_227,yes
user_228,yes
user_229,yes
user_230,no
user_231,yes
user_232,yes
user_233,yes
user_234,yes
user_235,yes
user_236,yes
user_237,no
user_238,no
user_239,yes
user_240,yes
user_241,yes
user_242,yes
user_243,yes
user_244,yes
user_245,yes
user_246,yes
user_247,yes
user_248,yes
user_249,no
user_250,yes
user_251,no
user_252,yes
user_253,yes
user_254,yes
user_255,no
user_256,yes
user_257,yes
user_258,no
user_259,yes
user_260,yes
user_261,no
user_262,yes
user_263,yes
user_264,yes
user_265,yes
user_266,yes
user_267,no
user_268,yes
user_269,yes
user_270,yes
user_271,yes
user_272,yes
user_273,yes
user_274,yes
user_275,no
user_276,yes
user_277,no
user_278,yes
user_279,yes
user_280,yes
user_281,yes
user_282,yes
user_283,no
user_284,yes
user_285,yes
user_286,yes
user_287,yes
user_288,yes
user_289,no
user_290,yes
user_291,no
user_292,yes
user_293,no
user_294,no
user_295,yes
user_296,yes
user_297,no
user_298,yes
user_299,yes
user_300,yes
user_301,no
user_302,yes
user_303,no
user_304,yes
user_305,yes
user_306,yes
user_307,yes
user_308,no
user_309,yes
user_310,no
user_311,yes
user_312,no
user_313,yes
user_314,yes
user_315,yes
user_316,yes
user_317,yes
user_318,yes
user_319,no
user_320,yes
user_321,yes
user_322,yes
user_323,yes
user_324,yes
user_325,yes
user_326,yes
user_327,yes
user_328,yes
user_329,yes
user_330,yes
user_331,yes
user_332,yes
user_333,yes
user_334,yes
user_335,yes
user_336,yes
user_337,yes
user_338,yes
user_339,yes
user_340,yes
user_341,yes
user_342,no
user_343,yes
user_344,yes
user_345,no
user_346,yes
user_347,yes
user_348,yes
user_349,yes
user_350,yes
user_351,yes
user_352,yes
user_353,no
user_354,no
user_355,yes
user_356,no
user_357,yes
user_358,no
user_359,yes
user_360,yes
user_361,no
user_362,yes
user_363,yes
user_364,yes
user_365,yes
user_366,no
user_367,yes
user_368,yes
user_369,yes
user_370,yes
user_371,yes
user_372,yes
user_373,yes
user_374,yes
user_375,yes
user_376,yes
user_377,yes
user_378,no
user_379,no
user_380,yes
user_381,yes
user_382,yes
user_383,yes
user_384,yes
user_385,yes
user_386,yes
user_387,yes
user_388,yes
user_389,yes
user_390,yes
user_391,no
user_392,yes
user_393,yes
user_394,yes
user_395,yes
user_396,yes
user_397,yes
user_398,yes
user_399,yes
user_400,no
user_401,no
user_402,yes
user_403,yes
user_404,yes
user_405,yes
user_406,yes
user_407,yes
user_408,no
user_409,yes
user_410,yes
user_411,no
user_412,yes
user_413,no
user_414,no
user_415,yes
user_416,no
user_417,yes
user_418,no
user_419,yes
user_420,no
user_421,yes
user_422,yes
user_423,yes
user_424,yes
user_425,yes
user_426,yes
user_427,yes
user_428,yes
user_429,no
user_430,yes
user_431,yes
user_432,yes
user_433,yes
user_434,yes
user_435,no
user_436,yes
user_437,yes
user_438,no
user_439,no
user_440,yes
user_441,yes
user_442,yes
user_443,yes
user_444,yes
user_445,yes
user_446,yes
user_447,yes
user_448,yes
user_449,no
user_450,yes
user_451,yes
user_452,yes
user_453,yes
user_454,yes
user_455,yes
user_456,no
user_457,no
user_458,yes
user_459,yes
user_460,yes
user_461,yes
user_462,yes
user_463,yes
user_464,no
user_465,yes
user_466,yes
user_467,yes
user_468,yes
user_469,yes
user_470,yes
user_471,yes
user_472,yes
user_473,yes
user_474,no
user_475,yes
user_476,no
user_477,no
user_478,yes
user_479,yes
user_480,no
user_481,yes
user_482,yes
user_483,no
user_484,no
user_485,yes
user_486,yes
user_487,yes
user_488,no
user_489,yes
user_490,yes
user_491,yes
user_492,yes
user_493,yes
user_494,no
user_495,yes
user_496,no
user_497,yes
user_498,yes
user_499,yes
user_500,yes
user_501,yes
user_502,no
user_503,yes
user_504,yes
user_505,no
user_506,yes
user_507,yes
user_508,yes
user_509,yes
user_510,yes
user_511,yes
user_512,yes
user_513,yes
user_514,yes
user_515,yes
user_516,yes
user_517,yes
user_518,yes
user_519,no
user_520,yes
user_521,yes
user_522,yes
user_523,yes
user_524,yes
user_525,no
user_526,no
user_527,yes
user_528,no
user_529,yes
user_530,yes
user_531,yes
user_532,yes
user_533,yes
user_534,yes
user_535,yes
user_536,yes
user_537,no
user_538,no
user_539,yes
user_540,no
user_541,no
user_542,no
user_543,yes
user_544,yes
user_545,yes
user_546,no
user_547,yes
user_548,yes
user_549,yes
user_550,yes
user_551,no
user_552,yes
user_553,yes
user_554,no
user_555,no
user_556,yes
user_557,yes
user_558,yes
user_559,yes
user_560,yes
user_561,yes
user_562,yes
user_563,no
user_564,yes
user_565,yes
user_566,yes
user_567,no
user_568,yes
user_569,yes
user_570,yes
user_571,yes
user_572,yes
user_573,yes
user_574,yes
user_575,yes
user_576,no
user_577,yes
user_578,yes
user_579,yes
user_580,no
user_581,yes
user_582,yes
user_583,yes
user_584,yes
user_585,yes
user_586,yes
user_587,yes
user_588,yes
user_589,yes
user_590,yes
user_591,yes
user_592,yes
user_593,yes
user_594,yes
user_595,yes
user_596,yes
user_597,yes
user_598,yes
user_599,yes
user_600,yes
user_601,no
user_602,yes
user_603,no
user_604,yes
user_605,no
user_606,yes
user_607,yes
user_608,no
user_609,yes
user_610,yes
user_611,yes
user_612,no
user_613,no
user_614,yes
user_615,yes
user_616,yes
user_617,yes
user_618,yes
user_619,yes
user_620,yes
user_621,yes
user_622,yes
user_623,yes
user_624,yes
user_625,no
user_626,no
user_627,yes
user_628,yes
user_629,yes
user_630,yes
user_631,no
user_632,yes
user_633,yes
user_634,no
user_635,no
user_636,yes
user_637,yes
user_638,yes
user_639,yes
user_640,yes
user_641,no
user_642,yes
user_643,no
user_644,yes
user_645,yes
user_646,yes
user_647,yes
user_648,yes
user_649,yes
user_650,yes
user_651,yes
user_652,no
user_653,yes
user_654,yes
user_655,no
user_656,yes
user_657,yes
user_658,yes
user_659,no
user_660,yes
user_661,no
user_662,yes
user_663,yes
user_664,yes
user_665,no
user_666,yes
user_667,yes
user_668,no
user_669,yes
user_670,yes
user_671,yes
user_672,yes
user_673,no
user_674,no
user_675,yes
user_676,yes
user_677,no
user_678,no
user_679,yes
user_680,no
user_681,yes
user_682,yes
user_683,yes
user_684,yes
user_685,yes
user_686,yes
user_687,yes
user_688,no
user_689,no
user_690,yes
user_691,yes
user_692,yes
user_693,yes
user_694,yes
user_695,yes
user_696,yes
user_697,yes
user_698,yes
user_699,yes
user_700,yes
user_701,yes
user_702,yes
user_703,yes
user_704,yes
user_705,yes
user_706,no
user_707,yes
user_708,yes
user_709,yes
user_710,no
user_711,yes
user_712,yes
user_713,yes
user_714,yes
user_715,yes
user_716,yes
user_717,yes
user_718,yes
user_719,yes
user_720,yes
user_721,no
user_722,yes
user_723,yes
user_724,yes
user_725,yes
user_726,yes
user_727,yes
user_728,yes
user_729,no
user_730,yes
user_731,yes
user_732,yes
user_733,no
user_734,no
user_735,yes
user_736,no
user_737,yes
user_738,yes
user_739,yes
user_740,yes
user_741,yes
user_742,yes
user_743,yes
user_744,yes
user_745,yes
user_746,yes
user_747,yes
user_748,no
user_749,yes
user_750,yes
user_751,yes
user_752,yes
user_753,no
user_754,no
user_755,yes
user_756,yes
user_757,yes
user_758,yes
user_759,no
user_760,yes
user_761,yes
user_762,no
user_763,yes
user_764,no
user_765,no
user_766,yes
user_767,yes
user_768,yes
user_769,no
user_770,yes
user_771,yes
user_772,yes
user_773,yes
user_774,yes
user_775,yes
user_776,yes
user_777,yes
user_778,yes
user_779,yes
user_780,yes
user_781,yes
user_782,yes
user_783,yes
user_784,yes
user_785,no
user_786,yes
user_787,yes
user_788,no
user_789,yes
user_790,yes
user_791,yes
user_792,yes
user_793,yes
user_794,yes
user_795,no
user_796,no
user_797,yes
user_798,no
user_799,yes
user_800,yes
user_801,yes
user_802,yes
user_803,yes
user_804,yes
user_805,yes
user_806,yes
user_807,yes
user_808,yes
user_809,yes
user_810,no
user_811,yes
user_812,yes
user_813,yes
user_814,yes
user_815,yes
user_816,no
user_817,yes
user_818,yes
user_819,yes
user_820,yes
user_821,yes
user_822,yes
user_823,yes
user_824,yes
user_825,yes
user_826,yes
user_827,yes
user_828,no
user_829,yes
user_830,no
user_831,yes
user_832,no
user_833,yes
user_834,yes
user_835,yes
user_836,yes
user_837,yes
user_838,yes
user_839,yes
user_840,yes
user_841,yes
user_842,yes
user_843,yes
user_844,yes
user_845,yes
user_846,yes
user_847,yes
user_848,yes
user_849,yes
user_850,yes
user_851,yes
user_852,yes
user_853,yes
user_854,yes
user_855,yes
user_856,yes
user_857,yes
user_858,no
user_859,yes
user_860,yes
user_861,yes
user_862,yes
user_863,yes
user_864,yes
user_865,no
user_866,yes
user_867,no
user_868,yes
user_869,yes
user_870,yes
user_871,yes
user_872,yes
user_873,yes
user_874,yes
user_875,yes
user_876,no
user_877,yes
user_878,yes
user_879,yes
user_880,yes
user_881,yes
user_882,yes
user_883,no
user_884,yes
user_885,no
user_886,yes
user_887,yes
user_888,yes
user_889,yes
user_890,yes
user_891,yes
user_892,yes
user_893,yes
user_894,no
user_895,yes
user_896,yes
user_897,no
user_898,yes
user_899,yes
user_900,yes
user_901,no
user_902,yes
user_903,no
user_904,yes
user_905,yes
user_906,yes
user_907,yes
user_908,yes
user_909,yes
user_910,yes
user_911,yes
user_912,no
user_913,no
user_914,no
user_915,yes
user_916,no
user_917,no
user_918,yes
user_919,yes
user_920,no
user_921,yes
user_922,yes
user_923,yes
user_924,no
user_925,yes
user_926,yes
user_927,yes
user_928,yes
user_929,yes
user_930,no
user_931,yes
user_932,yes
user_933,no
user_934,no
user_935,yes
user_936,yes
user_937,yes
user_938,yes
user_939,yes
user_940,yes
user_941,yes
user_942,yes
user_943,yes
user_944,no
user_945,no
user_946,yes
user_947,yes
user_948,yes
user_949,yes
user_950,yes
user_951,yes
user_952,yes
user_953,yes
user_954,yes
user_955,yes
user_956,yes
user_957,yes
user_958,yes
user_959,yes
user_960,yes
user_961,yes
user_962,yes
user_963,yes
user_964,yes
user_965,yes
user_966,yes
user_967,yes
user_968,yes
user_969,yes
user_970,no
user_971,yes
user_972,yes
user_973,yes
user_974,yes
user_975,yes
user_976,yes
user_977,yes
user_978,yes
user_979,yes
user_980,no
user_981,yes
user_982,yes
user_983,yes
user_984,yes
user_985,yes
user_986,yes
user_987,yes
user_988,yes
user_989,yes
user_990,yes
user_991,no
user_992,yes
user_993,yes
user_994,no
user_995,yes
user_996,no
user_997,no
user_998,yes
user_999,no
user_1000,yes
user_1001,yes
user_1002,no
user_1003,no
user_1004,yes
user_1005,yes
user_1006,yes
user_1007,yes
user_1008,yes
user_1009,no
user_1010,no
user_1011,yes
user_1012,yes
user_1013,yes
user_1014,yes
user_1015,yes
user_1016,yes
user_1017,no
user_1018,yes
user_1019,yes
user_1020,yes
user_1021,no
user_1022,yes
user_1023,yes
user_1024,yes
user_1025,yes
user_1026,yes
user_1027,no
user_1028,no
user_1029,yes
user_1030,yes
user_1031,yes
user_1032,yes
user_1033,yes
user_1034,yes
user_1035,no
user_1036,no
user_1037,yes
user_1038,yes
user_1039,no
user_1040,yes
user_1041,yes
user_1042,yes
user_1043,yes
user_1044,yes
user_1045,yes
user_1046,yes
user_1047,yes
user_1048,yes
user_1049,yes
user_1050,yes
user_1051,yes
user_1052,yes
user_1053,yes
user_1054,yes
user_1055,yes
user_1056,yes
user_1057,yes
user_1058,yes
user_1059,yes
user_1060,yes
user_1061,yes
user_1062,yes
user_1063,yes
user_1064,no
user_1065,yes
user_1066,yes
user_1067,no
user_1068,yes
user_1069,yes
user_1070,yes
user_1071,yes
user_1072,yes
user_1073,yes
user_1074,yes
user_1075,no
user_1076,yes
user_1077,yes
user_1078,yes
user_1079,yes
user_1080,yes
user_1081,yes
user_1082,yes
user_1083,no
user_1084,yes
user_1085,yes
user_1086,no
user_1087,no
user_1088,yes
user_1089,yes
user_1090,yes
user_1091,yes
user_1092,yes
user_1093,no
user_1094,yes
user_1095,yes
user_1096,yes
user_1097,no
user_1098,yes
user_1099,no
user_1100,yes
user_1101,no
user_1102,no
user_1103,no
user_1104,no
user_1105,no
user_1106,no
user_1107,no
user_1108,no
user_1109,no
user_1110,no
user_1111,no
user_1112,no
user_1113,no
user_1114,no
user_1115,no
user_1116,no
user_1117,no
user_1118,no
user_1119,no
user_1120,no
user_1121,no
user_1122,no
user_1123,no
user_1124,no
user_1125,no
user_1126,no
user_1127,no
user_1128,no
user_1129,no
user_1130,no
user_1131,no
user_1132,no
user_1133,no
user_1134,no
user_1135,no
user_1136,no
user_1137,no
user_1138,no
user_1139,no
user_1140,no
user_1141,no
user_1142,no
user_1143,no
user_1144,no
user_1145,no
user_1146,no
user_1147,no
user_1148,no
user_1149,no
user_1150,no
user_1151,no
user_1152,no
user_1153,no
user_1154,no
user_1155,no
user_1156,no
user_1157,no
user_1158,no
user_1159,no
user_1160,no
user_1161,no
user_1162,no
user_1163,no
user_1164,no
user_1165,no
user_1166,no
user_1167,no
user_1168,no
user_1169,no
user_1170,no
user_1171,no
user_1172,no
user_1173,no
user_1174,no
user_1175,no
user_1176,no
user_1177,no
user_1178,no
user_1179,no
user_1180,no
user_1181,no
user_1182,no
user_1183,no
user_1184,no
user_1185,no
user_1186,no
user_1187,no
user_1188,no
user_1189,no
user_1190,no
user_1191,no
user_1192,no
user_1193,no
user_1194,no
user_1195,no
user_1196,no
user_1197,no
user_1198,no
user_1199,no
user_1200,no
user_1201,no
user_1202,no
user_1203,no
user_1204,no
user_1205,no
user_1206,no
user_1207,no
user_1208,no
user_1209,no
user_1210,no
user_1211,no
user_1212,no
user_1213,no
user_1214,no
user_1215,no
user_1216,no
user_1217,no
user_1218,no
user_1219,no
user_1220,no
user_1221,no
user_1222,no
user_1223,no
user_1224,no
user_1225,no
user_1226,no
user_1227,no
user_1228,no
user_1229,no
user_1230,no
user_1231,no
user_1232,no
user_1233,no
user_1234,no
user_1235,no
user_1236,no
user_1237,no
user_1238,no
user_1239,no
user_1240,no
user_1241,no
user_1242,no
user_1243,no
user_1244,no
user_1245,no
user_1246,no
user_1247,no
user_1248,no
user_1249,no
user_1250,no
user_1251,no
user_1252,no
user_1253,no
user_1254,no
user_1255,no
user_1256,no
user_1257,no
user_1258,no
user_1259,no
user_1260,no
user_1261,no
user_1262,no
user_1263,no
user_1264,no
user_1265,no
user_1266,no
user_1267,no
user_1268,no
user_1269,no
user_1270,no
user_1271,no
user_1272,no
user_1273,no
user_1274,no
user_1275,no
user_1276,no
user_1277,no
user_1278,no
user_1279,no
user_1280,no
user_1281,no
user_1282,no
user_1283,no
user_1284,no
user_1285,no
user_1286,no
user_1287,no
user_1288,no
user_1289,no
user_1290,no
user_1291,no
user_1292,no
user_1293,no
user_1294,no
user_1295,no
user_1296,no
user_1297,no
user_1298,no
user_1299,no
user_1300,no
user_1301,no
user_1302,no
user_1303,no
user_1304,no
user_1305,no
user_1306,no
user_1307,no
user_1308,no
user_1309,no
user_1310,no
user_1311,no
user_1312,no
user_1313,no
user_1314,no
user_1315,no
user_1316,no
user_1317,no
user_1318,no
user_1319,no
user_1320,no
user_1321,no
user_1322,no
user_1323,no
user_1324,no
user_1325,no
user_1326,no
user_1327,no
user_1328,no
user_1329,no
user_1330,no
user_1331,no
user_1332,no
user_1333,no
user_1334,no
user_1335,no
user_1336,no
user_1337,no
user_1338,no
user_1339,no
user_1340,no
user_1341,no
user_1342,no
user_1343,no
user_1344,no
user_1345,no
user_1346,no
user_1347,no
user_1348,no
user_1349,no
user_1350,no
user_1351,no
user_1352,no
user_1353,no
user_1354,no
user_1355,no
user_1356,no
user_1357,no
user_1358,no
user_1359,no
user_1360,no
user_1361,no
user_1362,no
user_1363,no
user_1364,no
user_1365,no
user_1366,no
user_1367,no
user_1368,no
user_1369,no
user_1370,no
user_1371,no
user_1372,no
user_1373,no
user_1374,no
user_1375,no
user_1376,no
user_1377,no
user_1378,no
user_1379,no
user_1380,no
user_1381,no
user_1382,no
user_1383,no
user_1384,no
user_1385,no
user_1386,no
user_1387,no
user_1388,no
user_1389,no
user_1390,no
user_1391,no
user_1392,no
user_1393,no
user_1394,no
user_1395,no
user_1396,no
user_1397,no
user_1398,no
user_1399,no
user_1400,no
user_1401,no
user_1402,no
user_1403,no
user_1404,no
user_1405,no
user_1406,no
user_1407,no
user_1408,no
user_1409,no
user_1410,no
user_1411,no
user_1412,no
user_1413,no
user_1414,no
user_1415,no
user_1416,no
user_1417,no
user_1418,no
user_1419,no
user_1420,no
user_1421,no
user_1422,no
user_1423,no
user_1424,no
user_1425,no
user_1426,no
user_1427,no
user_1428,no
user_1429,no
user_1430,no
user_1431,no
user_1432,no
user_1433,no
user_1434,no
user_1435,no
user_1436,no
user_1437,no
user_1438,no
user_1439,no
user_1440,no
user_1441,no
user_1442,no
user_1443,no
user_1444,no
user_1445,no
user_1446,no
user_1447,no
user_1448,no
user_1449,no
user_1450,no
user_1451,no
user_1452,no
user_1453,no
user_1454,no
user_1455,no
user_1456,no
user_1457,no
user_1458,no
user_1459,no
user_1460,no
user_1461,no
user_1462,no
user_1463,no
user_1464,no
user_1465,no
user_1466,no
user_1467,no
user_1468,no
user_1469,no
user_1470,no
user_1471,no
user_1472,no
user_1473,no
user_1474,no
user_1475,no
user_1476,no
user_1477,no
user_1478,no
user_1479,no
user_1480,no
user_1481,no
user_1482,no
user_1483,no
user_1484,no
user_1485,no
user_1486,no
user_1487,no
user_1488,no
user_1489,no
user_1490,no
user_1491,no
user_1492,no
user_1493,no
user_1494,no
user_1495,no
user_1496,no
user_1497,no
user_1498,no
user_1499,no
user_1500,no
